Date,Home_Team,Away_Team,Team,Player_Id,shift_number,period,start_clock,end_clock,shift_length
2025-10-11,Team D,Team A,Team A,29,1,1,20:00,19:05,00:55
2025-10-11,Team D,Team A,Team A,48,1,1,20:00,19:27,00:33
2025-10-11,Team D,Team A,Team A,Go,1,1,20:00,00:00,20:00
2025-10-11,Team D,Team A,Team A,63,1,1,20:00,19:04,00:56
2025-10-11,Team D,Team A,Team A,5,1,1,20:00,19:27,00:33
2025-10-11,Team D,Team A,Team A,92,1,1,20:00,19:00,01:00
2025-10-11,Team D,Team A,Team D,42,1,1,20:00,19:05,00:55
2025-10-11,Team D,Team A,Team D,52,1,1,20:00,18:56,01:04
2025-10-11,Team D,Team A,Team D,88,1,1,20:00,19:01,00:59
2025-10-11,Team D,Team A,Team D,Go,1,1,20:00,00:00,20:00
2025-10-11,Team D,Team A,Team D,77,1,1,20:00,18:51,01:09
2025-10-11,Team D,Team A,Team D,8,1,1,20:00,18:56,01:04
2025-10-11,Team D,Team A,Team A,59,1,1,19:27,18:45,00:42
2025-10-11,Team D,Team A,Team A,72,1,1,19:27,18:42,00:45
2025-10-11,Team D,Team A,Team A,39,1,1,19:05,18:06,00:59
2025-10-11,Team D,Team A,Team D,36,1,1,19:05,18:04,01:01
2025-10-11,Team D,Team A,Team A,9,1,1,19:04,18:18,00:46
2025-10-11,Team D,Team A,Team D,51,1,1,19:01,18:06,00:55
2025-10-11,Team D,Team A,Team A,20,1,1,19:00,18:15,00:45
2025-10-11,Team D,Team A,Team D,84,1,1,18:56,18:06,00:50
2025-10-11,Team D,Team A,Team D,46,1,1,18:56,18:08,00:48
2025-10-11,Team D,Team A,Team D,28,1,1,18:51,18:08,00:43
2025-10-11,Team D,Team A,Team A,45,1,1,18:45,17:56,00:49
2025-10-11,Team D,Team A,Team A,3,1,1,18:42,17:56,00:46
2025-10-11,Team D,Team A,Team A,61,1,1,18:18,17:33,00:45
2025-10-11,Team D,Team A,Team A,46,1,1,18:15,17:33,00:42
2025-10-11,Team D,Team A,Team D,63,1,1,18:08,17:33,00:35
2025-10-11,Team D,Team A,Team D,12,1,1,18:08,17:33,00:35
2025-10-11,Team D,Team A,Team A,88,1,1,18:06,17:33,00:33
2025-10-11,Team D,Team A,Team D,44,1,1,18:06,17:33,00:33
2025-10-11,Team D,Team A,Team D,79,1,1,18:06,17:33,00:33
2025-10-11,Team D,Team A,Team D,37,1,1,18:04,17:33,00:31
2025-10-11,Team D,Team A,Team A,48,2,1,17:56,16:45,01:11
2025-10-11,Team D,Team A,Team A,5,2,1,17:56,17:11,00:45
2025-10-11,Team D,Team A,Team A,17,1,1,17:33,16:45,00:48
2025-10-11,Team D,Team A,Team A,14,1,1,17:33,16:45,00:48
2025-10-11,Team D,Team A,Team A,71,1,1,17:33,16:45,00:48
2025-10-11,Team D,Team A,Team D,84,2,1,17:33,16:45,00:48
2025-10-11,Team D,Team A,Team D,50,1,1,17:33,16:45,00:48
2025-10-11,Team D,Team A,Team D,51,2,1,17:33,16:45,00:48
2025-10-11,Team D,Team A,Team D,25,1,1,17:33,16:45,00:48
2025-10-11,Team D,Team A,Team D,75,1,1,17:33,16:45,00:48
2025-10-11,Team D,Team A,Team A,72,2,1,17:11,16:03,01:08
2025-10-11,Team D,Team A,Team A,29,2,1,16:45,16:03,00:42
2025-10-11,Team D,Team A,Team A,59,2,1,16:45,16:03,00:42
2025-10-11,Team D,Team A,Team A,63,2,1,16:45,16:03,00:42
2025-10-11,Team D,Team A,Team A,92,2,1,16:45,16:03,00:42
2025-10-11,Team D,Team A,Team D,42,2,1,16:45,16:03,00:42
2025-10-11,Team D,Team A,Team D,52,2,1,16:45,16:03,00:42
2025-10-11,Team D,Team A,Team D,88,2,1,16:45,16:03,00:42
2025-10-11,Team D,Team A,Team D,77,2,1,16:45,16:03,00:42
2025-10-11,Team D,Team A,Team D,8,2,1,16:45,16:03,00:42
2025-10-11,Team D,Team A,Team A,9,2,1,16:03,15:19,00:44
2025-10-11,Team D,Team A,Team A,48,3,1,16:03,15:21,00:42
2025-10-11,Team D,Team A,Team A,20,2,1,16:03,14:54,01:09
2025-10-11,Team D,Team A,Team A,5,3,1,16:03,15:21,00:42
2025-10-11,Team D,Team A,Team A,39,2,1,16:03,14:50,01:13
2025-10-11,Team D,Team A,Team D,84,3,1,16:03,15:29,00:34
2025-10-11,Team D,Team A,Team D,46,2,1,16:03,15:29,00:34
2025-10-11,Team D,Team A,Team D,51,3,1,16:03,15:29,00:34
2025-10-11,Team D,Team A,Team D,36,2,1,16:03,15:28,00:35
2025-10-11,Team D,Team A,Team D,28,2,1,16:03,15:29,00:34
2025-10-11,Team D,Team A,Team D,63,2,1,15:29,14:36,00:53
2025-10-11,Team D,Team A,Team D,44,2,1,15:29,14:45,00:44
2025-10-11,Team D,Team A,Team D,12,2,1,15:29,14:21,01:08
2025-10-11,Team D,Team A,Team D,79,2,1,15:29,14:46,00:43
2025-10-11,Team D,Team A,Team D,37,2,1,15:28,14:35,00:53
2025-10-11,Team D,Team A,Team A,3,2,1,15:21,14:31,00:50
2025-10-11,Team D,Team A,Team A,45,2,1,15:21,14:37,00:44
2025-10-11,Team D,Team A,Team A,61,2,1,15:19,14:37,00:42
2025-10-11,Team D,Team A,Team A,46,2,1,14:54,14:18,00:36
2025-10-11,Team D,Team A,Team A,88,2,1,14:50,14:18,00:32
2025-10-11,Team D,Team A,Team D,52,3,1,14:46,14:18,00:28
2025-10-11,Team D,Team A,Team D,88,3,1,14:45,14:18,00:27
2025-10-11,Team D,Team A,Team A,17,2,1,14:37,14:18,00:19
2025-10-11,Team D,Team A,Team A,72,3,1,14:37,14:18,00:19
2025-10-11,Team D,Team A,Team D,50,2,1,14:36,14:18,00:18
2025-10-11,Team D,Team A,Team D,25,2,1,14:35,14:18,00:17
2025-10-11,Team D,Team A,Team A,59,3,1,14:31,14:18,00:13
2025-10-11,Team D,Team A,Team D,75,2,1,14:21,14:18,00:03
2025-10-11,Team D,Team A,Team A,9,3,1,14:18,13:23,00:55
2025-10-11,Team D,Team A,Team A,14,2,1,14:18,13:23,00:55
2025-10-11,Team D,Team A,Team A,59,4,1,14:18,13:29,00:49
2025-10-11,Team D,Team A,Team A,63,3,1,14:18,13:23,00:55
2025-10-11,Team D,Team A,Team A,88,3,1,14:18,13:23,00:55
2025-10-11,Team D,Team A,Team D,52,4,1,14:18,13:23,00:55
2025-10-11,Team D,Team A,Team D,88,4,1,14:18,13:23,00:55
2025-10-11,Team D,Team A,Team D,46,3,1,14:18,13:40,00:38
2025-10-11,Team D,Team A,Team D,25,3,1,14:18,13:42,00:36
2025-10-11,Team D,Team A,Team D,8,3,1,13:42,12:47,00:55
2025-10-11,Team D,Team A,Team D,12,3,1,13:40,12:46,00:54
2025-10-11,Team D,Team A,Team A,5,4,1,13:29,12:22,01:07
2025-10-11,Team D,Team A,Team A,29,3,1,13:23,12:31,00:52
2025-10-11,Team D,Team A,Team A,39,3,1,13:23,12:29,00:54
2025-10-11,Team D,Team A,Team A,46,3,1,13:23,12:16,01:07
2025-10-11,Team D,Team A,Team A,92,3,1,13:23,12:16,01:07
2025-10-11,Team D,Team A,Team D,44,3,1,13:23,12:32,00:51
2025-10-11,Team D,Team A,Team D,84,4,1,13:23,12:32,00:51
2025-10-11,Team D,Team A,Team D,77,3,1,12:47,11:54,00:53
2025-10-11,Team D,Team A,Team D,63,3,1,12:46,12:21,00:25
2025-10-11,Team D,Team A,Team D,52,5,1,12:32,11:10,01:22
2025-10-11,Team D,Team A,Team D,88,5,1,12:32,11:13,01:19
2025-10-11,Team D,Team A,Team A,48,4,1,12:31,11:45,00:46
2025-10-11,Team D,Team A,Team A,63,4,1,12:29,11:52,00:37
2025-10-11,Team D,Team A,Team A,45,3,1,12:22,11:45,00:37
2025-10-11,Team D,Team A,Team D,36,3,1,12:21,10:49,01:32
2025-10-11,Team D,Team A,Team D,75,3,1,12:18,11:53,00:25
2025-10-11,Team D,Team A,Team A,61,3,1,12:16,11:03,01:13
2025-10-11,Team D,Team A,Team A,20,3,1,12:16,10:49,01:27
2025-10-11,Team D,Team A,Team D,28,3,1,11:54,10:49,01:05
2025-10-11,Team D,Team A,Team D,42,3,1,11:53,10:49,01:04
2025-10-11,Team D,Team A,Team A,9,4,1,11:52,10:49,01:03
2025-10-11,Team D,Team A,Team A,59,5,1,11:45,10:49,00:56
2025-10-11,Team D,Team A,Team A,72,4,1,11:45,10:13,01:32
2025-10-11,Team D,Team A,Team D,51,4,1,11:13,10:13,01:00
2025-10-11,Team D,Team A,Team D,79,3,1,11:10,10:49,00:21
2025-10-11,Team D,Team A,Team A,14,3,1,11:03,10:13,00:50
2025-10-11,Team D,Team A,Team A,17,3,1,10:49,10:13,00:36
2025-10-11,Team D,Team A,Team A,48,5,1,10:49,10:28,00:21
2025-10-11,Team D,Team A,Team A,71,2,1,10:49,10:13,00:36
2025-10-11,Team D,Team A,Team D,84,5,1,10:49,10:13,00:36
2025-10-11,Team D,Team A,Team D,50,3,1,10:49,10:13,00:36
2025-10-11,Team D,Team A,Team D,25,4,1,10:49,10:13,00:36
2025-10-11,Team D,Team A,Team D,75,4,1,10:49,10:13,00:36
2025-10-11,Team D,Team A,Team A,59,6,1,10:28,10:13,00:15
2025-10-11,Team D,Team A,Team A,29,4,1,10:13,09:16,00:57
2025-10-11,Team D,Team A,Team A,3,3,1,10:13,09:32,00:41
2025-10-11,Team D,Team A,Team A,63,5,1,10:13,09:18,00:55
2025-10-11,Team D,Team A,Team A,45,4,1,10:13,09:04,01:09
2025-10-11,Team D,Team A,Team A,92,4,1,10:13,09:16,00:57
2025-10-11,Team D,Team A,Team D,63,4,1,10:13,09:18,00:55
2025-10-11,Team D,Team A,Team D,52,6,1,10:13,09:18,00:55
2025-10-11,Team D,Team A,Team D,12,4,1,10:13,09:18,00:55
2025-10-11,Team D,Team A,Team D,88,6,1,10:13,09:18,00:55
2025-10-11,Team D,Team A,Team D,37,3,1,10:13,09:18,00:55
2025-10-11,Team D,Team A,Team A,48,6,1,09:32,08:10,01:22
2025-10-11,Team D,Team A,Team A,39,4,1,09:18,08:45,00:33
2025-10-11,Team D,Team A,Team D,44,4,1,09:18,08:45,00:33
2025-10-11,Team D,Team A,Team D,46,4,1,09:18,08:45,00:33
2025-10-11,Team D,Team A,Team D,36,4,1,09:18,08:45,00:33
2025-10-11,Team D,Team A,Team D,28,4,1,09:18,08:45,00:33
2025-10-11,Team D,Team A,Team D,79,4,1,09:18,08:45,00:33
2025-10-11,Team D,Team A,Team A,9,5,1,09:16,08:45,00:31
2025-10-11,Team D,Team A,Team A,20,4,1,09:16,08:45,00:31
2025-10-11,Team D,Team A,Team A,5,5,1,09:04,08:10,00:54
2025-10-11,Team D,Team A,Team A,61,4,1,08:45,08:02,00:43
2025-10-11,Team D,Team A,Team A,88,4,1,08:45,07:53,00:52
2025-10-11,Team D,Team A,Team A,46,4,1,08:45,07:58,00:47
2025-10-11,Team D,Team A,Team D,42,4,1,08:45,07:54,00:51
2025-10-11,Team D,Team A,Team D,84,6,1,08:45,08:02,00:43
2025-10-11,Team D,Team A,Team D,77,4,1,08:45,07:56,00:49
2025-10-11,Team D,Team A,Team D,51,5,1,08:45,08:02,00:43
2025-10-11,Team D,Team A,Team D,8,4,1,08:45,08:02,00:43
2025-10-11,Team D,Team A,Team A,59,7,1,08:10,07:10,01:00
2025-10-11,Team D,Team A,Team A,72,5,1,08:10,07:04,01:06
2025-10-11,Team D,Team A,Team A,17,4,1,08:02,07:13,00:49
2025-10-11,Team D,Team A,Team D,44,5,1,08:02,07:04,00:58
2025-10-11,Team D,Team A,Team D,75,5,1,08:02,07:04,00:58
2025-10-11,Team D,Team A,Team D,79,5,1,08:02,07:04,00:58
2025-10-11,Team D,Team A,Team A,71,3,1,07:58,07:04,00:54
2025-10-11,Team D,Team A,Team D,25,5,1,07:56,07:04,00:52
2025-10-11,Team D,Team A,Team D,50,4,1,07:54,07:04,00:50
2025-10-11,Team D,Team A,Team A,14,4,1,07:53,07:04,00:49
2025-10-11,Team D,Team A,Team A,29,5,1,07:13,06:34,00:39
2025-10-11,Team D,Team A,Team A,3,4,1,07:10,06:34,00:36
2025-10-11,Team D,Team A,Team A,63,6,1,07:04,06:34,00:30
2025-10-11,Team D,Team A,Team A,45,5,1,07:04,06:34,00:30
2025-10-11,Team D,Team A,Team A,92,5,1,07:04,06:34,00:30
2025-10-11,Team D,Team A,Team D,63,5,1,07:04,06:08,00:56
2025-10-11,Team D,Team A,Team D,52,7,1,07:04,06:08,00:56
2025-10-11,Team D,Team A,Team D,12,5,1,07:04,06:08,00:56
2025-10-11,Team D,Team A,Team D,88,7,1,07:04,06:08,00:56
2025-10-11,Team D,Team A,Team D,37,4,1,07:04,06:07,00:57
2025-10-11,Team D,Team A,Team A,9,6,1,06:34,05:42,00:52
2025-10-11,Team D,Team A,Team A,48,7,1,06:34,06:02,00:32
2025-10-11,Team D,Team A,Team A,20,5,1,06:34,05:43,00:51
2025-10-11,Team D,Team A,Team A,5,6,1,06:34,06:02,00:32
2025-10-11,Team D,Team A,Team A,39,5,1,06:34,06:03,00:31
2025-10-11,Team D,Team A,Team D,84,7,1,06:08,05:17,00:51
2025-10-11,Team D,Team A,Team D,46,5,1,06:08,05:24,00:44
2025-10-11,Team D,Team A,Team D,51,6,1,06:08,04:25,01:43
2025-10-11,Team D,Team A,Team D,28,5,1,06:08,04:50,01:18
2025-10-11,Team D,Team A,Team D,36,5,1,06:07,04:25,01:42
2025-10-11,Team D,Team A,Team A,88,5,1,06:03,05:04,00:59
2025-10-11,Team D,Team A,Team A,59,8,1,06:02,05:29,00:33
2025-10-11,Team D,Team A,Team A,72,6,1,06:02,05:29,00:33
2025-10-11,Team D,Team A,Team A,46,5,1,05:43,04:48,00:55
2025-10-11,Team D,Team A,Team A,61,5,1,05:42,04:49,00:53
2025-10-11,Team D,Team A,Team A,48,8,1,05:29,04:44,00:45
2025-10-11,Team D,Team A,Team A,5,7,1,05:29,04:44,00:45
2025-10-11,Team D,Team A,Team D,8,5,1,05:24,03:59,01:25
2025-10-11,Team D,Team A,Team D,79,6,1,05:17,03:30,01:47
2025-10-11,Team D,Team A,Team A,14,5,1,05:04,04:25,00:39
2025-10-11,Team D,Team A,Team D,77,5,1,04:50,03:30,01:20
2025-10-11,Team D,Team A,Team A,71,4,1,04:49,04:25,00:24
2025-10-11,Team D,Team A,Team A,17,5,1,04:48,04:25,00:23
2025-10-11,Team D,Team A,Team A,3,5,1,04:44,03:59,00:45
2025-10-11,Team D,Team A,Team A,45,6,1,04:44,03:59,00:45
2025-10-11,Team D,Team A,Team A,29,6,1,04:25,03:50,00:35
2025-10-11,Team D,Team A,Team A,63,7,1,04:25,03:50,00:35
2025-10-11,Team D,Team A,Team A,92,6,1,04:25,03:50,00:35
2025-10-11,Team D,Team A,Team D,42,5,1,04:25,03:30,00:55
2025-10-11,Team D,Team A,Team D,44,6,1,04:25,03:30,00:55
2025-10-11,Team D,Team A,Team A,59,9,1,03:59,03:05,00:54
2025-10-11,Team D,Team A,Team A,72,7,1,03:59,03:05,00:54
2025-10-11,Team D,Team A,Team D,75,6,1,03:59,03:03,00:56
2025-10-11,Team D,Team A,Team A,9,7,1,03:50,03:12,00:38
2025-10-11,Team D,Team A,Team A,20,6,1,03:50,03:07,00:43
2025-10-11,Team D,Team A,Team A,39,6,1,03:50,03:07,00:43
2025-10-11,Team D,Team A,Team D,52,8,1,03:30,02:07,01:23
2025-10-11,Team D,Team A,Team D,88,8,1,03:30,03:03,00:27
2025-10-11,Team D,Team A,Team D,50,5,1,03:30,03:03,00:27
2025-10-11,Team D,Team A,Team D,25,6,1,03:30,03:03,00:27
2025-10-11,Team D,Team A,Team A,61,6,1,03:12,03:03,00:09
2025-10-11,Team D,Team A,Team A,88,6,1,03:07,03:03,00:04
2025-10-11,Team D,Team A,Team A,46,6,1,03:07,02:07,01:00
2025-10-11,Team D,Team A,Team A,48,9,1,03:05,02:07,00:58
2025-10-11,Team D,Team A,Team A,5,8,1,03:05,02:07,00:58
2025-10-11,Team D,Team A,Team A,61,7,1,03:03,02:07,00:56
2025-10-11,Team D,Team A,Team A,88,7,1,03:03,02:07,00:56
2025-10-11,Team D,Team A,Team D,63,6,1,03:03,02:07,00:56
2025-10-11,Team D,Team A,Team D,12,6,1,03:03,02:07,00:56
2025-10-11,Team D,Team A,Team D,88,9,1,03:03,02:07,00:56
2025-10-11,Team D,Team A,Team D,37,5,1,03:03,02:07,00:56
2025-10-11,Team D,Team A,Team A,17,6,1,02:07,02:06,00:01
2025-10-11,Team D,Team A,Team A,14,6,1,02:07,02:06,00:01
2025-10-11,Team D,Team A,Team A,71,5,1,02:07,02:06,00:01
2025-10-11,Team D,Team A,Team A,59,10,1,02:07,01:20,00:47
2025-10-11,Team D,Team A,Team A,72,8,1,02:07,02:06,00:01
2025-10-11,Team D,Team A,Team D,44,7,1,02:07,02:06,00:01
2025-10-11,Team D,Team A,Team D,46,6,1,02:07,02:06,00:01
2025-10-11,Team D,Team A,Team D,36,6,1,02:07,01:20,00:47
2025-10-11,Team D,Team A,Team D,28,6,1,02:07,01:20,00:47
2025-10-11,Team D,Team A,Team D,79,7,1,02:07,02:06,00:01
2025-10-11,Team D,Team A,Team A,48,10,1,02:06,01:20,00:46
2025-10-11,Team D,Team A,Team A,20,7,1,02:06,01:20,00:46
2025-10-11,Team D,Team A,Team A,39,7,1,02:06,01:20,00:46
2025-10-11,Team D,Team A,Team D,52,9,1,02:06,01:20,00:46
2025-10-11,Team D,Team A,Team D,84,8,1,02:06,01:20,00:46
2025-10-11,Team D,Team A,Team D,25,7,1,02:06,01:20,00:46
2025-10-11,Team D,Team A,Team A,63,8,1,01:20,00:40,00:40
2025-10-11,Team D,Team A,Team A,72,9,1,01:20,00:40,00:40
2025-10-11,Team D,Team A,Team A,88,8,1,01:20,00:40,00:40
2025-10-11,Team D,Team A,Team A,45,7,1,01:20,00:40,00:40
2025-10-11,Team D,Team A,Team D,42,6,1,01:20,00:00,01:20
2025-10-11,Team D,Team A,Team D,12,7,1,01:20,00:10,01:10
2025-10-11,Team D,Team A,Team D,46,7,1,01:20,00:00,01:20
2025-10-11,Team D,Team A,Team D,77,6,1,01:20,00:00,01:20
2025-10-11,Team D,Team A,Team D,51,7,1,01:20,00:00,01:20
2025-10-11,Team D,Team A,Team A,17,7,1,00:40,00:00,00:40
2025-10-11,Team D,Team A,Team A,48,11,1,00:40,00:00,00:40
2025-10-11,Team D,Team A,Team A,59,11,1,00:40,00:00,00:40
2025-10-11,Team D,Team A,Team A,39,8,1,00:40,00:00,00:40
2025-10-11,Team D,Team A,Team D,88,10,1,00:10,00:00,00:10
2025-10-11,Team D,Team A,Team A,14,7,1,00:06,00:00,00:06
2025-10-11,Team D,Team A,Team A,29,7,2,20:00,19:31,00:29
2025-10-11,Team D,Team A,Team A,Go,2,2,20:00,00:00,20:00
2025-10-11,Team D,Team A,Team A,59,12,2,20:00,19:31,00:29
2025-10-11,Team D,Team A,Team A,63,9,2,20:00,18:15,01:45
2025-10-11,Team D,Team A,Team A,72,10,2,20:00,19:31,00:29
2025-10-11,Team D,Team A,Team A,92,7,2,20:00,19:31,00:29
2025-10-11,Team D,Team A,Team D,52,10,2,20:00,18:12,01:48
2025-10-11,Team D,Team A,Team D,88,11,2,20:00,18:12,01:48
2025-10-11,Team D,Team A,Team D,Go,2,2,20:00,00:00,20:00
2025-10-11,Team D,Team A,Team D,50,6,2,20:00,19:31,00:29
2025-10-11,Team D,Team A,Team D,25,8,2,20:00,18:12,01:48
2025-10-11,Team D,Team A,Team D,75,7,2,20:00,19:31,00:29
2025-10-11,Team D,Team A,Team A,9,8,2,19:31,18:15,01:16
2025-10-11,Team D,Team A,Team A,14,8,2,19:31,18:15,01:16
2025-10-11,Team D,Team A,Team A,59,13,2,19:31,18:02,01:29
2025-10-11,Team D,Team A,Team A,88,9,2,19:31,18:15,01:16
2025-10-11,Team D,Team A,Team D,46,8,2,19:31,18:31,01:00
2025-10-11,Team D,Team A,Team D,8,6,2,18:31,18:00,00:31
2025-10-11,Team D,Team A,Team A,29,8,2,18:15,16:56,01:19
2025-10-11,Team D,Team A,Team A,39,9,2,18:15,16:56,01:19
2025-10-11,Team D,Team A,Team A,46,7,2,18:15,16:56,01:19
2025-10-11,Team D,Team A,Team A,92,8,2,18:15,16:56,01:19
2025-10-11,Team D,Team A,Team D,44,8,2,18:12,17:27,00:45
2025-10-11,Team D,Team A,Team D,12,8,2,18:12,17:27,00:45
2025-10-11,Team D,Team A,Team D,84,9,2,18:12,17:27,00:45
2025-10-11,Team D,Team A,Team A,5,9,2,18:02,16:55,01:07
2025-10-11,Team D,Team A,Team D,63,7,2,18:00,17:00,01:00
2025-10-11,Team D,Team A,Team D,50,7,2,17:31,16:54,00:37
2025-10-11,Team D,Team A,Team D,51,8,2,17:27,16:46,00:41
2025-10-11,Team D,Team A,Team D,28,7,2,17:27,16:01,01:26
2025-10-11,Team D,Team A,Team D,79,8,2,17:27,16:46,00:41
2025-10-11,Team D,Team A,Team D,36,7,2,17:00,16:01,00:59
2025-10-11,Team D,Team A,Team A,17,8,2,16:56,16:02,00:54
2025-10-11,Team D,Team A,Team A,71,6,2,16:56,16:01,00:55
2025-10-11,Team D,Team A,Team A,20,8,2,16:56,16:01,00:55
2025-10-11,Team D,Team A,Team A,45,8,2,16:56,16:01,00:55
2025-10-11,Team D,Team A,Team A,48,12,2,16:55,16:01,00:54
2025-10-11,Team D,Team A,Team D,46,9,2,16:54,16:01,00:53
2025-10-11,Team D,Team A,Team D,52,11,2,16:46,16:01,00:45
2025-10-11,Team D,Team A,Team D,88,12,2,16:46,16:01,00:45
2025-10-11,Team D,Team A,Team A,9,9,2,16:02,15:37,00:25
2025-10-11,Team D,Team A,Team A,14,9,2,16:01,15:37,00:24
2025-10-11,Team D,Team A,Team A,59,14,2,16:01,15:37,00:24
2025-10-11,Team D,Team A,Team A,72,11,2,16:01,15:37,00:24
2025-10-11,Team D,Team A,Team A,39,10,2,16:01,15:37,00:24
2025-10-11,Team D,Team A,Team D,42,7,2,16:01,15:37,00:24
2025-10-11,Team D,Team A,Team D,44,9,2,16:01,15:37,00:24
2025-10-11,Team D,Team A,Team D,77,7,2,16:01,15:37,00:24
2025-10-11,Team D,Team A,Team D,8,7,2,16:01,15:37,00:24
2025-10-11,Team D,Team A,Team D,79,9,2,16:01,15:37,00:24
2025-10-11,Team D,Team A,Team A,29,9,2,15:37,14:29,01:08
2025-10-11,Team D,Team A,Team A,48,13,2,15:37,13:43,01:54
2025-10-11,Team D,Team A,Team A,63,10,2,15:37,14:30,01:07
2025-10-11,Team D,Team A,Team A,5,10,2,15:37,14:03,01:34
2025-10-11,Team D,Team A,Team A,92,9,2,15:37,14:30,01:07
2025-10-11,Team D,Team A,Team D,63,8,2,15:37,14:24,01:13
2025-10-11,Team D,Team A,Team D,12,9,2,15:37,14:36,01:01
2025-10-11,Team D,Team A,Team D,84,10,2,15:37,14:35,01:02
2025-10-11,Team D,Team A,Team D,51,9,2,15:37,14:42,00:55
2025-10-11,Team D,Team A,Team D,37,6,2,15:37,14:29,01:08
2025-10-11,Team D,Team A,Team D,88,13,2,14:42,12:56,01:46
2025-10-11,Team D,Team A,Team D,25,9,2,14:36,13:20,01:16
2025-10-11,Team D,Team A,Team D,52,12,2,14:35,12:56,01:39
2025-10-11,Team D,Team A,Team A,61,8,2,14:30,13:16,01:14
2025-10-11,Team D,Team A,Team A,88,10,2,14:30,13:16,01:14
2025-10-11,Team D,Team A,Team A,46,8,2,14:29,13:23,01:06
2025-10-11,Team D,Team A,Team D,50,8,2,14:29,13:24,01:05
2025-10-11,Team D,Team A,Team D,75,8,2,14:24,12:57,01:27
2025-10-11,Team D,Team A,Team A,45,9,2,14:03,12:36,01:27
2025-10-11,Team D,Team A,Team A,3,6,2,13:43,12:36,01:07
2025-10-11,Team D,Team A,Team D,36,8,2,13:24,12:33,00:51
2025-10-11,Team D,Team A,Team A,71,7,2,13:23,12:48,00:35
2025-10-11,Team D,Team A,Team D,28,8,2,13:20,12:33,00:47
2025-10-11,Team D,Team A,Team A,17,9,2,13:16,12:33,00:43
2025-10-11,Team D,Team A,Team A,14,10,2,13:16,12:33,00:43
2025-10-11,Team D,Team A,Team D,44,10,2,12:56,12:33,00:23
2025-10-11,Team D,Team A,Team D,46,10,2,12:56,12:33,00:23
2025-10-11,Team D,Team A,Team D,79,10,2,12:56,12:33,00:23
2025-10-11,Team D,Team A,Team A,20,9,2,12:48,11:44,01:04
2025-10-11,Team D,Team A,Team A,59,15,2,12:36,11:30,01:06
2025-10-11,Team D,Team A,Team A,72,12,2,12:36,11:30,01:06
2025-10-11,Team D,Team A,Team A,9,10,2,12:33,11:44,00:49
2025-10-11,Team D,Team A,Team A,39,11,2,12:33,11:33,01:00
2025-10-11,Team D,Team A,Team D,63,9,2,12:33,11:30,01:03
2025-10-11,Team D,Team A,Team D,12,10,2,12:33,11:30,01:03
2025-10-11,Team D,Team A,Team D,84,11,2,12:33,11:39,00:54
2025-10-11,Team D,Team A,Team D,51,10,2,12:33,11:08,01:25
2025-10-11,Team D,Team A,Team D,37,7,2,12:33,11:44,00:49
2025-10-11,Team D,Team A,Team A,29,10,2,11:44,10:55,00:49
2025-10-11,Team D,Team A,Team A,92,10,2,11:44,10:41,01:03
2025-10-11,Team D,Team A,Team D,36,9,2,11:44,10:37,01:07
2025-10-11,Team D,Team A,Team D,88,14,2,11:39,10:29,01:10
2025-10-11,Team D,Team A,Team A,63,11,2,11:33,10:53,00:40
2025-10-11,Team D,Team A,Team A,59,16,2,11:30,11:12,00:18
2025-10-11,Team D,Team A,Team A,5,11,2,11:30,10:19,01:11
2025-10-11,Team D,Team A,Team D,46,11,2,11:30,10:47,00:43
2025-10-11,Team D,Team A,Team D,28,9,2,11:30,10:38,00:52
2025-10-11,Team D,Team A,Team A,48,14,2,11:12,10:19,00:53
2025-10-11,Team D,Team A,Team D,52,13,2,11:08,10:29,00:39
2025-10-11,Team D,Team A,Team A,61,9,2,10:55,09:59,00:56
2025-10-11,Team D,Team A,Team A,88,11,2,10:53,09:43,01:10
2025-10-11,Team D,Team A,Team D,75,9,2,10:47,09:43,01:04
2025-10-11,Team D,Team A,Team A,46,9,2,10:41,10:06,00:35
2025-10-11,Team D,Team A,Team D,50,9,2,10:38,09:43,00:55
2025-10-11,Team D,Team A,Team D,25,10,2,10:37,09:43,00:54
2025-10-11,Team D,Team A,Team D,44,11,2,10:29,09:05,01:24
2025-10-11,Team D,Team A,Team D,79,11,2,10:29,09:05,01:24
2025-10-11,Team D,Team A,Team A,3,7,2,10:19,09:43,00:36
2025-10-11,Team D,Team A,Team A,45,10,2,10:19,09:43,00:36
2025-10-11,Team D,Team A,Team A,71,8,2,10:06,09:05,01:01
2025-10-11,Team D,Team A,Team A,17,10,2,09:59,09:05,00:54
2025-10-11,Team D,Team A,Team A,14,11,2,09:43,09:05,00:38
2025-10-11,Team D,Team A,Team A,59,17,2,09:43,09:05,00:38
2025-10-11,Team D,Team A,Team A,72,13,2,09:43,09:05,00:38
2025-10-11,Team D,Team A,Team D,42,8,2,09:43,09:05,00:38
2025-10-11,Team D,Team A,Team D,77,8,2,09:43,09:05,00:38
2025-10-11,Team D,Team A,Team D,8,8,2,09:43,09:05,00:38
2025-10-11,Team D,Team A,Team A,9,11,2,09:05,08:14,00:51
2025-10-11,Team D,Team A,Team A,48,15,2,09:05,07:46,01:19
2025-10-11,Team D,Team A,Team A,20,10,2,09:05,08:14,00:51
2025-10-11,Team D,Team A,Team A,5,12,2,09:05,08:08,00:57
2025-10-11,Team D,Team A,Team A,39,12,2,09:05,08:14,00:51
2025-10-11,Team D,Team A,Team D,63,10,2,09:05,07:59,01:06
2025-10-11,Team D,Team A,Team D,12,11,2,09:05,08:14,00:51
2025-10-11,Team D,Team A,Team D,84,12,2,09:05,08:14,00:51
2025-10-11,Team D,Team A,Team D,51,11,2,09:05,08:14,00:51
2025-10-11,Team D,Team A,Team D,37,8,2,09:05,08:08,00:57
2025-10-11,Team D,Team A,Team A,14,12,2,08:14,07:46,00:28
2025-10-11,Team D,Team A,Team A,63,12,2,08:14,07:46,00:28
2025-10-11,Team D,Team A,Team A,92,11,2,08:14,07:46,00:28
2025-10-11,Team D,Team A,Team D,52,14,2,08:14,06:43,01:31
2025-10-11,Team D,Team A,Team D,88,15,2,08:14,06:43,01:31
2025-10-11,Team D,Team A,Team D,28,10,2,08:14,06:53,01:21
2025-10-11,Team D,Team A,Team A,45,11,2,08:08,06:27,01:41
2025-10-11,Team D,Team A,Team D,36,10,2,08:08,06:53,01:15
2025-10-11,Team D,Team A,Team D,46,12,2,07:59,06:46,01:13
2025-10-11,Team D,Team A,Team A,61,10,2,07:46,06:27,01:19
2025-10-11,Team D,Team A,Team A,72,14,2,07:46,06:27,01:19
2025-10-11,Team D,Team A,Team A,88,12,2,07:46,06:27,01:19
2025-10-11,Team D,Team A,Team A,46,10,2,07:46,06:27,01:19
2025-10-11,Team D,Team A,Team D,50,10,2,06:53,05:16,01:37
2025-10-11,Team D,Team A,Team D,25,11,2,06:53,05:28,01:25
2025-10-11,Team D,Team A,Team D,75,10,2,06:46,05:32,01:14
2025-10-11,Team D,Team A,Team D,44,12,2,06:43,05:29,01:14
2025-10-11,Team D,Team A,Team D,79,12,2,06:43,05:29,01:14
2025-10-11,Team D,Team A,Team A,17,11,2,06:27,05:31,00:56
2025-10-11,Team D,Team A,Team A,3,8,2,06:27,05:36,00:51
2025-10-11,Team D,Team A,Team A,14,13,2,06:27,05:35,00:52
2025-10-11,Team D,Team A,Team A,71,9,2,06:27,05:31,00:56
2025-10-11,Team D,Team A,Team A,59,18,2,06:27,05:32,00:55
2025-10-11,Team D,Team A,Team A,5,13,2,05:36,04:21,01:15
2025-10-11,Team D,Team A,Team A,39,13,2,05:35,04:21,01:14
2025-10-11,Team D,Team A,Team A,48,16,2,05:32,04:07,01:25
2025-10-11,Team D,Team A,Team D,8,9,2,05:32,04:16,01:16
2025-10-11,Team D,Team A,Team A,9,12,2,05:31,04:07,01:24
2025-10-11,Team D,Team A,Team A,20,11,2,05:31,04:18,01:13
2025-10-11,Team D,Team A,Team D,84,13,2,05:29,04:16,01:13
2025-10-11,Team D,Team A,Team D,51,12,2,05:29,04:17,01:12
2025-10-11,Team D,Team A,Team D,77,9,2,05:28,04:07,01:21
2025-10-11,Team D,Team A,Team D,42,9,2,05:16,04:16,01:00
2025-10-11,Team D,Team A,Team A,63,13,2,04:21,03:45,00:36
2025-10-11,Team D,Team A,Team A,72,15,2,04:21,03:45,00:36
2025-10-11,Team D,Team A,Team A,92,12,2,04:18,03:45,00:33
2025-10-11,Team D,Team A,Team D,52,15,2,04:17,03:45,00:32
2025-10-11,Team D,Team A,Team D,88,16,2,04:16,03:45,00:31
2025-10-11,Team D,Team A,Team D,46,13,2,04:16,03:45,00:31
2025-10-11,Team D,Team A,Team D,36,11,2,04:16,03:45,00:31
2025-10-11,Team D,Team A,Team A,29,11,2,04:07,03:45,00:22
2025-10-11,Team D,Team A,Team A,45,12,2,04:07,03:45,00:22
2025-10-11,Team D,Team A,Team D,28,11,2,04:07,03:45,00:22
2025-10-11,Team D,Team A,Team A,61,11,2,03:45,02:50,00:55
2025-10-11,Team D,Team A,Team A,3,9,2,03:45,02:50,00:55
2025-10-11,Team D,Team A,Team A,59,19,2,03:45,01:58,01:47
2025-10-11,Team D,Team A,Team A,88,13,2,03:45,02:42,01:03
2025-10-11,Team D,Team A,Team A,46,11,2,03:45,02:50,00:55
2025-10-11,Team D,Team A,Team D,63,11,2,03:45,02:49,00:56
2025-10-11,Team D,Team A,Team D,44,13,2,03:45,02:37,01:08
2025-10-11,Team D,Team A,Team D,12,12,2,03:45,02:38,01:07
2025-10-11,Team D,Team A,Team D,37,9,2,03:45,02:52,00:53
2025-10-11,Team D,Team A,Team D,79,13,2,03:45,02:37,01:08
2025-10-11,Team D,Team A,Team D,42,10,2,02:52,01:26,01:26
2025-10-11,Team D,Team A,Team A,29,12,2,02:50,01:57,00:53
2025-10-11,Team D,Team A,Team A,63,14,2,02:50,01:56,00:54
2025-10-11,Team D,Team A,Team A,5,14,2,02:50,01:58,00:52
2025-10-11,Team D,Team A,Team D,8,10,2,02:49,01:26,01:23
2025-10-11,Team D,Team A,Team A,92,13,2,02:42,01:49,00:53
2025-10-11,Team D,Team A,Team D,77,10,2,02:38,01:26,01:12
2025-10-11,Team D,Team A,Team D,84,14,2,02:37,01:26,01:11
2025-10-11,Team D,Team A,Team D,51,13,2,02:37,01:26,01:11
2025-10-11,Team D,Team A,Team A,48,17,2,01:58,00:04,01:54
2025-10-11,Team D,Team A,Team A,72,16,2,01:58,01:26,00:32
2025-10-11,Team D,Team A,Team A,9,13,2,01:57,01:26,00:31
2025-10-11,Team D,Team A,Team A,39,14,2,01:56,01:26,00:30
2025-10-11,Team D,Team A,Team A,20,12,2,01:49,01:26,00:23
2025-10-11,Team D,Team A,Team A,17,12,2,01:26,00:35,00:51
2025-10-11,Team D,Team A,Team A,71,10,2,01:26,00:41,00:45
2025-10-11,Team D,Team A,Team A,88,14,2,01:26,00:41,00:45
2025-10-11,Team D,Team A,Team A,5,15,2,01:26,00:00,01:26
2025-10-11,Team D,Team A,Team D,52,16,2,01:26,00:33,00:53
2025-10-11,Team D,Team A,Team D,88,17,2,01:26,00:25,01:01
2025-10-11,Team D,Team A,Team D,50,11,2,01:26,00:25,01:01
2025-10-11,Team D,Team A,Team D,25,12,2,01:26,00:40,00:46
2025-10-11,Team D,Team A,Team D,75,11,2,01:26,00:25,01:01
2025-10-11,Team D,Team A,Team A,63,15,2,00:41,00:00,00:41
2025-10-11,Team D,Team A,Team A,92,14,2,00:41,00:00,00:41
2025-10-11,Team D,Team A,Team D,12,13,2,00:40,00:00,00:40
2025-10-11,Team D,Team A,Team A,29,13,2,00:35,00:00,00:35
2025-10-11,Team D,Team A,Team D,51,14,2,00:33,00:00,00:33
2025-10-11,Team D,Team A,Team D,63,12,2,00:25,00:00,00:25
2025-10-11,Team D,Team A,Team D,84,15,2,00:25,00:00,00:25
2025-10-11,Team D,Team A,Team D,37,10,2,00:25,00:00,00:25
2025-10-11,Team D,Team A,Team A,59,20,2,00:04,00:00,00:04
2025-10-11,Team D,Team A,Team A,29,14,3,20:00,19:28,00:32
2025-10-11,Team D,Team A,Team A,48,18,3,20:00,19:28,00:32
2025-10-11,Team D,Team A,Team A,Go,3,3,20:00,00:00,20:00
2025-10-11,Team D,Team A,Team A,63,16,3,20:00,19:28,00:32
2025-10-11,Team D,Team A,Team A,5,16,3,20:00,19:28,00:32
2025-10-11,Team D,Team A,Team A,92,15,3,20:00,19:28,00:32
2025-10-11,Team D,Team A,Team D,42,11,3,20:00,19:28,00:32
2025-10-11,Team D,Team A,Team D,52,17,3,20:00,19:28,00:32
2025-10-11,Team D,Team A,Team D,88,18,3,20:00,18:10,01:50
2025-10-11,Team D,Team A,Team D,Go,3,3,20:00,04:13,15:47
2025-10-11,Team D,Team A,Team D,77,11,3,20:00,19:28,00:32
2025-10-11,Team D,Team A,Team D,8,11,3,20:00,19:28,00:32
2025-10-11,Team D,Team A,Team A,9,14,3,19:28,18:38,00:50
2025-10-11,Team D,Team A,Team A,14,14,3,19:28,18:38,00:50
2025-10-11,Team D,Team A,Team A,59,21,3,19:28,18:24,01:04
2025-10-11,Team D,Team A,Team A,63,17,3,19:28,18:38,00:50
2025-10-11,Team D,Team A,Team A,88,15,3,19:28,18:38,00:50
2025-10-11,Team D,Team A,Team D,44,14,3,19:28,18:10,01:18
2025-10-11,Team D,Team A,Team D,12,14,3,19:28,18:38,00:50
2025-10-11,Team D,Team A,Team D,46,14,3,19:28,18:58,00:30
2025-10-11,Team D,Team A,Team D,63,13,3,18:58,18:05,00:53
2025-10-11,Team D,Team A,Team A,29,15,3,18:38,17:45,00:53
2025-10-11,Team D,Team A,Team A,39,15,3,18:38,17:15,01:23
2025-10-11,Team D,Team A,Team A,46,12,3,18:38,17:05,01:33
2025-10-11,Team D,Team A,Team A,92,16,3,18:38,17:05,01:33
2025-10-11,Team D,Team A,Team D,25,13,3,18:38,18:10,00:28
2025-10-11,Team D,Team A,Team A,5,17,3,18:24,17:42,00:42
2025-10-11,Team D,Team A,Team D,84,16,3,18:10,17:20,00:50
2025-10-11,Team D,Team A,Team D,46,15,3,18:10,17:20,00:50
2025-10-11,Team D,Team A,Team D,51,15,3,18:10,17:00,01:10
2025-10-11,Team D,Team A,Team D,12,15,3,18:05,17:20,00:45
2025-10-11,Team D,Team A,Team A,59,22,3,17:45,16:43,01:02
2025-10-11,Team D,Team A,Team A,72,17,3,17:42,16:42,01:00
2025-10-11,Team D,Team A,Team D,52,18,3,17:28,17:20,00:08
2025-10-11,Team D,Team A,Team D,36,12,3,17:20,16:42,00:38
2025-10-11,Team D,Team A,Team D,28,12,3,17:20,16:42,00:38
2025-10-11,Team D,Team A,Team D,37,11,3,17:20,16:42,00:38
2025-10-11,Team D,Team A,Team D,79,14,3,17:20,16:42,00:38
2025-10-11,Team D,Team A,Team A,71,11,3,17:15,16:42,00:33
2025-10-11,Team D,Team A,Team A,17,13,3,17:05,16:42,00:23
2025-10-11,Team D,Team A,Team A,20,13,3,17:05,16:42,00:23
2025-10-11,Team D,Team A,Team D,88,19,3,17:00,16:42,00:18
2025-10-11,Team D,Team A,Team A,48,19,3,16:43,16:42,00:01
2025-10-11,Team D,Team A,Team A,29,16,3,16:42,15:55,00:47
2025-10-11,Team D,Team A,Team A,3,10,3,16:42,15:50,00:52
2025-10-11,Team D,Team A,Team A,63,18,3,16:42,15:51,00:51
2025-10-11,Team D,Team A,Team A,45,13,3,16:42,15:50,00:52
2025-10-11,Team D,Team A,Team A,92,17,3,16:42,16:07,00:35
2025-10-11,Team D,Team A,Team D,84,17,3,16:42,16:00,00:42
2025-10-11,Team D,Team A,Team D,50,12,3,16:42,15:51,00:51
2025-10-11,Team D,Team A,Team D,51,16,3,16:42,16:00,00:42
2025-10-11,Team D,Team A,Team D,25,14,3,16:42,15:51,00:51
2025-10-11,Team D,Team A,Team D,75,12,3,16:42,15:42,01:00
2025-10-11,Team D,Team A,Team A,39,16,3,16:07,15:22,00:45
2025-10-11,Team D,Team A,Team D,52,19,3,16:00,14:54,01:06
2025-10-11,Team D,Team A,Team D,88,20,3,16:00,14:54,01:06
2025-10-11,Team D,Team A,Team A,20,14,3,15:55,15:17,00:38
2025-10-11,Team D,Team A,Team A,9,15,3,15:51,15:17,00:34
2025-10-11,Team D,Team A,Team D,36,13,3,15:51,14:42,01:09
2025-10-11,Team D,Team A,Team D,28,13,3,15:51,14:21,01:30
2025-10-11,Team D,Team A,Team A,48,20,3,15:50,15:03,00:47
2025-10-11,Team D,Team A,Team A,5,18,3,15:50,15:03,00:47
2025-10-11,Team D,Team A,Team D,46,16,3,15:42,14:54,00:48
2025-10-11,Team D,Team A,Team A,88,16,3,15:22,14:13,01:09
2025-10-11,Team D,Team A,Team A,61,12,3,15:17,14:21,00:56
2025-10-11,Team D,Team A,Team A,46,13,3,15:17,14:21,00:56
2025-10-11,Team D,Team A,Team A,59,23,3,15:03,14:15,00:48
2025-10-11,Team D,Team A,Team A,72,18,3,15:03,14:15,00:48
2025-10-11,Team D,Team A,Team D,44,15,3,14:54,13:53,01:01
2025-10-11,Team D,Team A,Team D,8,12,3,14:54,13:45,01:09
2025-10-11,Team D,Team A,Team D,79,15,3,14:54,13:52,01:02
2025-10-11,Team D,Team A,Team D,42,12,3,14:42,13:52,00:50
2025-10-11,Team D,Team A,Team A,17,14,3,14:21,13:33,00:48
2025-10-11,Team D,Team A,Team A,71,12,3,14:21,13:24,00:57
2025-10-11,Team D,Team A,Team D,77,12,3,14:21,13:26,00:55
2025-10-11,Team D,Team A,Team A,3,11,3,14:15,13:45,00:30
2025-10-11,Team D,Team A,Team A,45,14,3,14:15,13:45,00:30
2025-10-11,Team D,Team A,Team A,14,15,3,14:13,13:33,00:40
2025-10-11,Team D,Team A,Team D,51,17,3,13:53,13:07,00:46
2025-10-11,Team D,Team A,Team D,84,18,3,13:52,13:07,00:45
2025-10-11,Team D,Team A,Team D,37,12,3,13:52,13:02,00:50
2025-10-11,Team D,Team A,Team A,48,21,3,13:45,12:59,00:46
2025-10-11,Team D,Team A,Team A,5,19,3,13:45,13:01,00:44
2025-10-11,Team D,Team A,Team D,63,14,3,13:45,12:59,00:46
2025-10-11,Team D,Team A,Team A,29,17,3,13:33,12:55,00:38
2025-10-11,Team D,Team A,Team A,63,19,3,13:33,12:43,00:50
2025-10-11,Team D,Team A,Team D,12,16,3,13:26,12:59,00:27
2025-10-11,Team D,Team A,Team A,92,18,3,13:24,12:43,00:41
2025-10-11,Team D,Team A,Team D,52,20,3,13:07,12:34,00:33
2025-10-11,Team D,Team A,Team D,88,21,3,13:07,12:34,00:33
2025-10-11,Team D,Team A,Team D,50,13,3,13:02,12:08,00:54
2025-10-11,Team D,Team A,Team A,72,19,3,13:01,12:23,00:38
2025-10-11,Team D,Team A,Team A,59,24,3,12:59,12:23,00:36
2025-10-11,Team D,Team A,Team D,12,17,3,12:59,12:43,00:16
2025-10-11,Team D,Team A,Team D,75,13,3,12:59,12:08,00:51
2025-10-11,Team D,Team A,Team A,9,16,3,12:55,12:08,00:47
2025-10-11,Team D,Team A,Team A,20,15,3,12:43,12:08,00:35
2025-10-11,Team D,Team A,Team A,39,17,3,12:43,12:08,00:35
2025-10-11,Team D,Team A,Team D,25,15,3,12:43,12:08,00:35
2025-10-11,Team D,Team A,Team D,44,16,3,12:34,12:08,00:26
2025-10-11,Team D,Team A,Team D,79,16,3,12:34,12:08,00:26
2025-10-11,Team D,Team A,Team A,3,12,3,12:23,12:08,00:15
2025-10-11,Team D,Team A,Team A,45,15,3,12:23,12:08,00:15
2025-10-11,Team D,Team A,Team A,61,13,3,12:08,11:44,00:24
2025-10-11,Team D,Team A,Team A,48,22,3,12:08,11:44,00:24
2025-10-11,Team D,Team A,Team A,88,17,3,12:08,11:44,00:24
2025-10-11,Team D,Team A,Team A,5,20,3,12:08,11:44,00:24
2025-10-11,Team D,Team A,Team A,46,14,3,12:08,11:44,00:24
2025-10-11,Team D,Team A,Team D,12,18,3,12:08,11:44,00:24
2025-10-11,Team D,Team A,Team D,84,19,3,12:08,11:44,00:24
2025-10-11,Team D,Team A,Team D,51,18,3,12:08,11:44,00:24
2025-10-11,Team D,Team A,Team D,36,14,3,12:08,11:44,00:24
2025-10-11,Team D,Team A,Team D,28,14,3,12:08,11:44,00:24
2025-10-11,Team D,Team A,Team A,17,15,3,11:44,11:03,00:41
2025-10-11,Team D,Team A,Team A,14,16,3,11:44,11:03,00:41
2025-10-11,Team D,Team A,Team A,71,13,3,11:44,11:03,00:41
2025-10-11,Team D,Team A,Team A,72,20,3,11:44,11:03,00:41
2025-10-11,Team D,Team A,Team A,45,16,3,11:44,11:03,00:41
2025-10-11,Team D,Team A,Team D,42,13,3,11:44,11:03,00:41
2025-10-11,Team D,Team A,Team D,44,17,3,11:44,11:03,00:41
2025-10-11,Team D,Team A,Team D,46,17,3,11:44,11:03,00:41
2025-10-11,Team D,Team A,Team D,77,13,3,11:44,11:03,00:41
2025-10-11,Team D,Team A,Team D,79,17,3,11:44,11:03,00:41
2025-10-11,Team D,Team A,Team A,29,18,3,11:03,10:28,00:35
2025-10-11,Team D,Team A,Team A,3,13,3,11:03,10:28,00:35
2025-10-11,Team D,Team A,Team A,59,25,3,11:03,10:28,00:35
2025-10-11,Team D,Team A,Team A,63,20,3,11:03,10:28,00:35
2025-10-11,Team D,Team A,Team A,92,19,3,11:03,10:28,00:35
2025-10-11,Team D,Team A,Team D,63,15,3,11:03,10:28,00:35
2025-10-11,Team D,Team A,Team D,52,21,3,11:03,10:28,00:35
2025-10-11,Team D,Team A,Team D,88,22,3,11:03,10:28,00:35
2025-10-11,Team D,Team A,Team D,25,16,3,11:03,10:28,00:35
2025-10-11,Team D,Team A,Team D,37,13,3,11:03,10:28,00:35
2025-10-11,Team D,Team A,Team A,9,17,3,10:28,09:50,00:38
2025-10-11,Team D,Team A,Team A,48,23,3,10:28,09:50,00:38
2025-10-11,Team D,Team A,Team A,20,16,3,10:28,09:50,00:38
2025-10-11,Team D,Team A,Team A,5,21,3,10:28,09:50,00:38
2025-10-11,Team D,Team A,Team A,39,18,3,10:28,09:50,00:38
2025-10-11,Team D,Team A,Team D,12,19,3,10:28,09:25,01:03
2025-10-11,Team D,Team A,Team D,84,20,3,10:28,09:07,01:21
2025-10-11,Team D,Team A,Team D,51,19,3,10:28,09:07,01:21
2025-10-11,Team D,Team A,Team D,36,15,3,10:28,09:25,01:03
2025-10-11,Team D,Team A,Team D,28,15,3,10:28,09:50,00:38
2025-10-11,Team D,Team A,Team A,9,18,3,09:50,09:25,00:25
2025-10-11,Team D,Team A,Team A,20,17,3,09:50,09:25,00:25
2025-10-11,Team D,Team A,Team A,72,21,3,09:50,09:25,00:25
2025-10-11,Team D,Team A,Team A,45,17,3,09:50,09:25,00:25
2025-10-11,Team D,Team A,Team A,39,19,3,09:50,09:25,00:25
2025-10-11,Team D,Team A,Team D,28,16,3,09:50,09:25,00:25
2025-10-11,Team D,Team A,Team A,29,19,3,09:25,09:07,00:18
2025-10-11,Team D,Team A,Team A,48,24,3,09:25,09:07,00:18
2025-10-11,Team D,Team A,Team A,14,17,3,09:25,09:16,00:09
2025-10-11,Team D,Team A,Team A,59,26,3,09:25,09:07,00:18
2025-10-11,Team D,Team A,Team A,63,21,3,09:25,09:07,00:18
2025-10-11,Team D,Team A,Team D,50,14,3,09:25,09:07,00:18
2025-10-11,Team D,Team A,Team D,8,13,3,09:25,09:07,00:18
2025-10-11,Team D,Team A,Team D,75,14,3,09:25,09:07,00:18
2025-10-11,Team D,Team A,Team A,92,20,3,09:16,09:07,00:09
2025-10-11,Team D,Team A,Team A,9,19,3,09:07,09:00,00:07
2025-10-11,Team D,Team A,Team A,14,18,3,09:07,09:00,00:07
2025-10-11,Team D,Team A,Team A,59,27,3,09:07,09:00,00:07
2025-10-11,Team D,Team A,Team A,63,22,3,09:07,09:00,00:07
2025-10-11,Team D,Team A,Team A,88,18,3,09:07,08:27,00:40
2025-10-11,Team D,Team A,Team D,52,22,3,09:07,08:27,00:40
2025-10-11,Team D,Team A,Team D,88,23,3,09:07,08:27,00:40
2025-10-11,Team D,Team A,Team D,46,18,3,09:07,09:00,00:07
2025-10-11,Team D,Team A,Team D,25,17,3,09:07,09:00,00:07
2025-10-11,Team D,Team A,Team A,61,14,3,09:00,08:27,00:33
2025-10-11,Team D,Team A,Team A,48,25,3,09:00,08:27,00:33
2025-10-11,Team D,Team A,Team A,5,22,3,09:00,08:27,00:33
2025-10-11,Team D,Team A,Team A,46,15,3,09:00,08:27,00:33
2025-10-11,Team D,Team A,Team D,42,14,3,09:00,08:27,00:33
2025-10-11,Team D,Team A,Team D,46,19,3,09:00,08:27,00:33
2025-10-11,Team D,Team A,Team D,77,14,3,09:00,08:27,00:33
2025-10-11,Team D,Team A,Team A,17,16,3,08:27,08:19,00:08
2025-10-11,Team D,Team A,Team A,14,19,3,08:27,07:17,01:10
2025-10-11,Team D,Team A,Team A,71,14,3,08:27,08:19,00:08
2025-10-11,Team D,Team A,Team A,72,22,3,08:27,08:19,00:08
2025-10-11,Team D,Team A,Team A,45,18,3,08:27,08:19,00:08
2025-10-11,Team D,Team A,Team D,63,16,3,08:27,08:19,00:08
2025-10-11,Team D,Team A,Team D,44,18,3,08:27,08:19,00:08
2025-10-11,Team D,Team A,Team D,25,18,3,08:27,08:19,00:08
2025-10-11,Team D,Team A,Team D,37,14,3,08:27,08:19,00:08
2025-10-11,Team D,Team A,Team D,79,18,3,08:27,08:19,00:08
2025-10-11,Team D,Team A,Team A,9,20,3,08:19,07:20,00:59
2025-10-11,Team D,Team A,Team A,59,28,3,08:19,07:29,00:50
2025-10-11,Team D,Team A,Team A,63,23,3,08:19,07:17,01:02
2025-10-11,Team D,Team A,Team A,88,19,3,08:19,07:20,00:59
2025-10-11,Team D,Team A,Team D,52,23,3,08:19,07:40,00:39
2025-10-11,Team D,Team A,Team D,12,20,3,08:19,07:40,00:39
2025-10-11,Team D,Team A,Team D,88,24,3,08:19,07:40,00:39
2025-10-11,Team D,Team A,Team D,46,20,3,08:19,08:01,00:18
2025-10-11,Team D,Team A,Team D,8,14,3,08:01,07:21,00:40
2025-10-11,Team D,Team A,Team D,44,19,3,07:40,07:00,00:40
2025-10-11,Team D,Team A,Team D,84,21,3,07:40,07:00,00:40
2025-10-11,Team D,Team A,Team D,75,15,3,07:40,07:21,00:19
2025-10-11,Team D,Team A,Team A,5,23,3,07:29,05:34,01:55
2025-10-11,Team D,Team A,Team D,42,15,3,07:21,06:43,00:38
2025-10-11,Team D,Team A,Team D,77,15,3,07:21,06:43,00:38
2025-10-11,Team D,Team A,Team A,29,20,3,07:20,06:13,01:07
2025-10-11,Team D,Team A,Team A,92,21,3,07:20,05:34,01:46
2025-10-11,Team D,Team A,Team A,39,20,3,07:17,06:14,01:03
2025-10-11,Team D,Team A,Team A,46,16,3,07:17,06:12,01:05
2025-10-11,Team D,Team A,Team D,52,24,3,07:00,06:13,00:47
2025-10-11,Team D,Team A,Team D,88,25,3,07:00,06:13,00:47
2025-10-11,Team D,Team A,Team D,36,16,3,06:43,05:29,01:14
2025-10-11,Team D,Team A,Team D,28,17,3,06:43,05:29,01:14
2025-10-11,Team D,Team A,Team D,63,17,3,06:19,06:13,00:06
2025-10-11,Team D,Team A,Team A,72,23,3,06:14,05:02,01:12
2025-10-11,Team D,Team A,Team A,71,15,3,06:13,05:13,01:00
2025-10-11,Team D,Team A,Team D,12,21,3,06:13,05:14,00:59
2025-10-11,Team D,Team A,Team D,51,20,3,06:13,05:25,00:48
2025-10-11,Team D,Team A,Team D,79,19,3,06:13,05:13,01:00
2025-10-11,Team D,Team A,Team A,20,18,3,06:12,05:32,00:40
2025-10-11,Team D,Team A,Team A,88,20,3,05:34,04:38,00:56
2025-10-11,Team D,Team A,Team A,45,19,3,05:34,05:02,00:32
2025-10-11,Team D,Team A,Team A,61,15,3,05:32,04:43,00:49
2025-10-11,Team D,Team A,Team D,8,15,3,05:29,04:37,00:52
2025-10-11,Team D,Team A,Team D,25,19,3,05:29,04:35,00:54
2025-10-11,Team D,Team A,Team D,44,20,3,05:25,04:35,00:50
2025-10-11,Team D,Team A,Team D,46,21,3,05:14,04:37,00:37
2025-10-11,Team D,Team A,Team A,46,17,3,05:13,04:35,00:38
2025-10-11,Team D,Team A,Team D,84,22,3,05:13,04:37,00:36
2025-10-11,Team D,Team A,Team A,48,26,3,05:02,04:13,00:49
2025-10-11,Team D,Team A,Team A,59,29,3,05:02,04:13,00:49
2025-10-11,Team D,Team A,Team A,29,21,3,04:43,04:13,00:30
2025-10-11,Team D,Team A,Team A,63,24,3,04:38,04:13,00:25
2025-10-11,Team D,Team A,Team D,42,16,3,04:37,04:13,00:24
2025-10-11,Team D,Team A,Team D,52,25,3,04:37,04:13,00:24
2025-10-11,Team D,Team A,Team D,37,15,3,04:37,04:13,00:24
2025-10-11,Team D,Team A,Team A,92,22,3,04:35,04:13,00:22
2025-10-11,Team D,Team A,Team D,77,16,3,04:35,04:13,00:22
2025-10-11,Team D,Team A,Team D,51,21,3,04:35,04:13,00:22
2025-10-11,Team D,Team A,Team A,14,20,3,04:13,02:36,01:37
2025-10-11,Team D,Team A,Team A,20,19,3,04:13,03:16,00:57
2025-10-11,Team D,Team A,Team A,72,24,3,04:13,03:29,00:44
2025-10-11,Team D,Team A,Team A,45,20,3,04:13,03:34,00:39
2025-10-11,Team D,Team A,Team A,39,21,3,04:13,03:16,00:57
2025-10-11,Team D,Team A,Team D,52,26,3,04:13,03:29,00:44
2025-10-11,Team D,Team A,Team D,51,22,3,04:13,03:29,00:44
2025-10-11,Team D,Team A,Team D,8,16,3,04:13,03:29,00:44
2025-10-11,Team D,Team A,Team D,25,20,3,04:13,03:29,00:44
2025-10-11,Team D,Team A,Team D,36,17,3,04:13,03:29,00:44
2025-10-11,Team D,Team A,Team D,28,18,3,04:13,03:29,00:44
2025-10-11,Team D,Team A,Team A,48,27,3,03:34,02:31,01:03
2025-10-11,Team D,Team A,Team A,59,30,3,03:29,02:36,00:53
2025-10-11,Team D,Team A,Team D,42,17,3,03:29,02:31,00:58
2025-10-11,Team D,Team A,Team D,12,22,3,03:29,02:31,00:58
2025-10-11,Team D,Team A,Team D,84,23,3,03:29,02:31,00:58
2025-10-11,Team D,Team A,Team D,46,22,3,03:29,02:31,00:58
2025-10-11,Team D,Team A,Team D,77,17,3,03:29,02:31,00:58
2025-10-11,Team D,Team A,Team D,51,23,3,03:29,02:31,00:58
2025-10-11,Team D,Team A,Team A,29,22,3,03:16,02:36,00:40
2025-10-11,Team D,Team A,Team A,63,25,3,03:16,02:31,00:45
2025-10-11,Team D,Team A,Team A,17,17,3,02:36,00:54,01:42
2025-10-11,Team D,Team A,Team A,72,25,3,02:36,00:54,01:42
2025-10-11,Team D,Team A,Team A,92,23,3,02:36,00:54,01:42
2025-10-11,Team D,Team A,Team A,88,21,3,02:31,00:49,01:42
2025-10-11,Team D,Team A,Team A,45,21,3,02:31,00:54,01:37
2025-10-11,Team D,Team A,Team D,42,18,3,02:31,02:03,00:28
2025-10-11,Team D,Team A,Team D,12,23,3,02:31,02:03,00:28
2025-10-11,Team D,Team A,Team D,84,24,3,02:31,00:38,01:53
2025-10-11,Team D,Team A,Team D,Go,4,3,02:31,02:18,00:13
2025-10-11,Team D,Team A,Team D,51,24,3,02:31,01:57,00:34
2025-10-11,Team D,Team A,Team D,28,19,3,02:31,00:44,01:47
2025-10-11,Team D,Team A,Team D,36,18,3,02:18,00:38,01:40
2025-10-11,Team D,Team A,Team D,8,17,3,02:03,00:38,01:25
2025-10-11,Team D,Team A,Team D,25,21,3,02:03,00:38,01:25
2025-10-11,Team D,Team A,Team D,52,27,3,01:57,00:38,01:19
2025-10-11,Team D,Team A,Team A,9,21,3,00:54,00:00,00:54
2025-10-11,Team D,Team A,Team A,48,28,3,00:54,00:00,00:54
2025-10-11,Team D,Team A,Team A,59,31,3,00:54,00:00,00:54
2025-10-11,Team D,Team A,Team A,20,20,3,00:54,00:00,00:54
2025-10-11,Team D,Team A,Team A,39,22,3,00:49,00:00,00:49
2025-10-11,Team D,Team A,Team D,46,23,3,00:44,00:38,00:06
2025-10-11,Team D,Team A,Team D,42,19,3,00:38,00:00,00:38
2025-10-11,Team D,Team A,Team D,12,24,3,00:38,00:00,00:38
2025-10-11,Team D,Team A,Team D,46,24,3,00:38,00:00,00:38
2025-10-11,Team D,Team A,Team D,77,18,3,00:38,00:00,00:38
2025-10-11,Team D,Team A,Team D,51,25,3,00:38,00:00,00:38
2025-10-11,Team D,Team A,Team D,79,20,3,00:38,00:00,00:38
